{
    "tray_001_back.jpg": 0.7447294040403232,
    "tray_001_front.jpg": 0.7239283176758505,
    "tray_002_back.jpg": 0.8320189691856588,
    "tray_002_front.jpg": 0.8973422230340671,
    "tray_003_back.jpg": 0.8720288349136252,
    "tray_003_front.jpg": 0.9407272312777842,
    "tray_004_back.jpg": 1.0,
    "tray_004_front.jpg": 0.8959630782918149,
    "tray_005_back.jpg": 0.9578357299536924,
    "tray_005_front.jpg": 0.9306341688806745,
    "tray_006_back.jpg": 0.8154372860255212,
    "tray_006_front.jpg": 0.8659048985447837,
    "tray_007_back.jpg": 0.9459622096521844,
    "tray_007_front.jpg": 0.9042797975149561,
    "tray_008_back.jpg": 1.0,
    "tray_008_front.jpg": 1.1854294478527607,
    "tray_009_back.jpg": 0.7942603071948262,
    "tray_009_front.jpg": 0.9413767019667171,
    "tray_010_back.jpg": 0.9483590733590734,
    "tray_010_front.jpg": 0.9579524680073125,
    "tray_011_back.jpg": 0.9605279237443481,
    "tray_011_front.jpg": 1.0,
    "tray_012_back.jpg": 0.9060518731988472,
    "tray_012_front.jpg": 0.9376906829382774,
    "tray_013_back.jpg": 1.0,
    "tray_013_front.jpg": 0.9638945927446954,
    "tray_014_back.jpg": 0.954994577659959,
    "tray_014_front.jpg": 0.9273310474505032,
    "tray_015_back.jpg": 1.0,
    "tray_015_front.jpg": 0.9042830742472008,
    "tray_016_back.jpg": 1.0,
    "tray_016_front.jpg": 0.9173237613275272,
    "tray_017_back.jpg": 1.0,
    "tray_017_front.jpg": 0.9299429768416153,
    "tray_018_back.jpg": 0.9552406924353807,
    "tray_018_front.jpg": 0.9336966938188788,
    "tray_019_back.jpg": 1.1630185213531303,
    "tray_019_front.jpg": 0.9201694726279407,
    "tray_020_back.jpg": 0.9368203309692671,
    "tray_020_front.jpg": 1.0,
    "tray_021_back.jpg": 0.9019187358916478,
    "tray_021_front.jpg": 0.7792252482548421,
    "tray_022_back.jpg": 1.0,
    "tray_022_front.jpg": 0.9369594145043247,
    "tray_023_back.jpg": 1.0,
    "tray_023_front.jpg": 0.8927236755330842,
    "tray_024_back.jpg": 0.9516690682036503,
    "tray_024_front.jpg": 0.8774515057335762,
    "tray_025_back.jpg": 1.0952245996882526,
    "tray_025_front.jpg": 0.964048739293039,
    "tray_026_back.jpg": 1.0,
    "tray_026_front.jpg": 0.8325706731747,
    "tray_027_back.jpg": 1.0,
    "tray_027_front.jpg": 0.945628129002212,
    "tray_028_back.jpg": 0.9046341741810295,
    "tray_028_front.jpg": 0.9321099935801411,
    "tray_029_back.jpg": 0.9501858290372855,
    "tray_029_front.jpg": 0.9019057061026658,
    "tray_030_back.jpg": 0.9283821156948606,
    "tray_030_front.jpg": 0.8759706643658326,
    "tray_031_back.jpg": 0.9371646595922261,
    "tray_031_front.jpg": 0.9166944351882707,
    "tray_032_back.jpg": 1.0597276526897665,
    "tray_032_front.jpg": 0.9154742096505823,
    "tray_033_back.jpg": 1.0837072349971957,
    "tray_033_front.jpg": 0.9300674476393326,
    "tray_034_back.jpg": 1.2002349256068912,
    "tray_034_front.jpg": 0.9203747072599531,
    "tray_035_back.jpg": 0.9352689195621133,
    "tray_035_front.jpg": 0.9150790901743446,
    "tray_036_back.jpg": 0.9484993577017401,
    "tray_036_front.jpg": 0.9597342117219445,
    "tray_037_back.jpg": 0.9367179120486234,
    "tray_037_front.jpg": 0.9454054649625385,
    "tray_038_back.jpg": 1.0857974910394264,
    "tray_038_front.jpg": 0.9109589041095891,
    "tray_039_back.jpg": 0.9574856864417103,
    "tray_039_front.jpg": 0.8731376722303125,
    "tray_040_back.jpg": 1.0334602829162132,
    "tray_040_front.jpg": 0.9081100802668612,
    "tray_041_back.jpg": 0.9635809113742375,
    "tray_041_front.jpg": 1.0,
    "tray_042_back.jpg": 1.0930680359435172,
    "tray_042_front.jpg": 0.9470436111437639,
    "tray_043_back.jpg": 0.8045859351008291,
    "tray_043_front.jpg": 0.8795199830831043,
    "tray_044_back.jpg": 1.0,
    "tray_044_front.jpg": 0.9213186813186813,
    "tray_045_back.jpg": 0.9535009624639075,
    "tray_045_front.jpg": 0.8559294348252205,
    "tray_046_back.jpg": 0.9408238366571701,
    "tray_046_front.jpg": 1.0,
    "tray_047_back.jpg": 0.8606904231625835,
    "tray_047_front.jpg": 0.9215132380635869,
    "tray_048_back.jpg": 1.0527417612101566,
    "tray_048_front.jpg": 0.9487584404269221,
    "tray_049_back.jpg": 0.893248379163872,
    "tray_049_front.jpg": 0.8984610237537637,
    "tray_050_back.jpg": 0.7875751503006012,
    "tray_050_front.jpg": 0.8753589573669097
}