{
    "tray_001_back.jpg": 0.7864940511927211,
    "tray_001_front.jpg": 0.699312654827117,
    "tray_002_back.jpg": 0.8801298919433402,
    "tray_002_front.jpg": 0.8068075671569784,
    "tray_003_back.jpg": 0.9332970355525178,
    "tray_003_front.jpg": 0.8822586162661421,
    "tray_004_back.jpg": 0.8788631499573072,
    "tray_004_front.jpg": 0.8188332147575973,
    "tray_005_back.jpg": 0.9284743960781998,
    "tray_005_front.jpg": 0.7970182918987366,
    "tray_006_back.jpg": 0.7121435884426162,
    "tray_006_front.jpg": 0.7898943629054874,
    "tray_007_back.jpg": 0.9360708841463415,
    "tray_007_front.jpg": 0.8433928858844358,
    "tray_008_back.jpg": 0.9022349254450911,
    "tray_008_front.jpg": 0.9557625428633965,
    "tray_009_back.jpg": 0.6931339177057796,
    "tray_009_front.jpg": 0.8289640209726993,
    "tray_010_back.jpg": 0.9211621175009083,
    "tray_010_front.jpg": 0.8190827523681495,
    "tray_011_back.jpg": 0.9366955858518448,
    "tray_011_front.jpg": 0.8824777484272726,
    "tray_012_back.jpg": 0.8823232266537947,
    "tray_012_front.jpg": 0.7659790652198919,
    "tray_013_back.jpg": 1.0,
    "tray_013_front.jpg": 0.8868724612429544,
    "tray_014_back.jpg": 0.9298519370204379,
    "tray_014_front.jpg": 0.8205610037778691,
    "tray_015_back.jpg": 0.8967075090697515,
    "tray_015_front.jpg": 0.8062515144172522,
    "tray_016_back.jpg": 0.9545206144878255,
    "tray_016_front.jpg": 0.7990343314641871,
    "tray_017_back.jpg": 0.9254258531305191,
    "tray_017_front.jpg": 0.8371220851054914,
    "tray_018_back.jpg": 0.8340752857379493,
    "tray_018_front.jpg": 0.8309612903913605,
    "tray_019_back.jpg": 1.0,
    "tray_019_front.jpg": 0.8048880393227745,
    "tray_020_back.jpg": 0.9059267302966222,
    "tray_020_front.jpg": 0.8976362792067322,
    "tray_021_back.jpg": 0.848328503030882,
    "tray_021_front.jpg": 0.6726101568334578,
    "tray_022_back.jpg": 0.9680298892159993,
    "tray_022_front.jpg": 0.8661978328395542,
    "tray_023_back.jpg": 0.9530372035251671,
    "tray_023_front.jpg": 0.8137131158131169,
    "tray_024_back.jpg": 0.9452786756199086,
    "tray_024_front.jpg": 0.8162604057624245,
    "tray_025_back.jpg": 0.9530391764577498,
    "tray_025_front.jpg": 0.8980165196381412,
    "tray_026_back.jpg": 0.8634326390719747,
    "tray_026_front.jpg": 0.7577089657214777,
    "tray_027_back.jpg": 0.925552402766857,
    "tray_027_front.jpg": 0.843572459779188,
    "tray_028_back.jpg": 0.879067858648151,
    "tray_028_front.jpg": 0.8483723339953372,
    "tray_029_back.jpg": 0.9210235790403365,
    "tray_029_front.jpg": 0.7805945389367708,
    "tray_030_back.jpg": 0.8900046397560814,
    "tray_030_front.jpg": 0.7673702310991855,
    "tray_031_back.jpg": 0.907191745247631,
    "tray_031_front.jpg": 0.8253577750442531,
    "tray_032_back.jpg": 0.9027737896973526,
    "tray_032_front.jpg": 0.8183278467457265,
    "tray_033_back.jpg": 0.9414301113905857,
    "tray_033_front.jpg": 0.8043883169249032,
    "tray_034_back.jpg": 1.0,
    "tray_034_front.jpg": 0.822495291057494,
    "tray_035_back.jpg": 0.9225135560198118,
    "tray_035_front.jpg": 0.8306781259826014,
    "tray_036_back.jpg": 0.9214153629732152,
    "tray_036_front.jpg": 0.8831460674157303,
    "tray_037_back.jpg": 0.9303316525814928,
    "tray_037_front.jpg": 0.8600366847417534,
    "tray_038_back.jpg": 0.931389975115535,
    "tray_038_front.jpg": 0.8218395647817822,
    "tray_039_back.jpg": 0.9211199181794938,
    "tray_039_front.jpg": 0.8062163839470418,
    "tray_040_back.jpg": 0.8917024028316656,
    "tray_040_front.jpg": 0.7972999142390792,
    "tray_041_back.jpg": 0.9415428845232392,
    "tray_041_front.jpg": 0.8216359112585527,
    "tray_042_back.jpg": 0.9371870081556732,
    "tray_042_front.jpg": 0.8746702276650489,
    "tray_043_back.jpg": 0.7052932889459186,
    "tray_043_front.jpg": 0.7760663507109004,
    "tray_044_back.jpg": 0.8369537439304882,
    "tray_044_front.jpg": 0.811561656034925,
    "tray_045_back.jpg": 0.9331363176113217,
    "tray_045_front.jpg": 0.6930126002290949,
    "tray_046_back.jpg": 0.9384176375864356,
    "tray_046_front.jpg": 0.8246860212571739,
    "tray_047_back.jpg": 0.7650454063208711,
    "tray_047_front.jpg": 0.8018913395542532,
    "tray_048_back.jpg": 0.9205903021784962,
    "tray_048_front.jpg": 0.8382648691819905,
    "tray_049_back.jpg": 0.8281944717941276,
    "tray_049_front.jpg": 0.8208940016098958,
    "tray_050_back.jpg": 0.6777147390022246,
    "tray_050_front.jpg": 0.7772384034519956
}